{"cameraMode":{"drawMode":0,"name":"Shaded","section":"Shading Mode"},"sceneLighting":true,"audioPlay":false,"sceneViewState":{"showFog":true,"showMaterialUpdate":false,"showSkybox":false,"showFlares":true,"showImageEffects":true,"showParticleSystems":true},"in2DMode":false,"pivot":{"x":-7.3962507247924809,"y":4.992677688598633,"z":-10.517288208007813},"rotation":{"x":0.014567311853170395,"y":-0.9616032838821411,"z":0.052295610308647159,"w":0.2692972421646118},"size":43.18669891357422,"orthographic":false}