{"cameraMode":{"drawMode":0,"name":"Shaded","section":"Shading Mode"},"sceneLighting":false,"audioPlay":false,"sceneViewState":{"showFog":true,"showMaterialUpdate":false,"showSkybox":true,"showFlares":true,"showImageEffects":true,"showParticleSystems":true},"in2DMode":false,"pivot":{"x":-17.97304916381836,"y":1.0347938537597657,"z":-2.024296283721924},"rotation":{"x":-0.27276477217674258,"y":-0.5614566802978516,"z":0.2028593122959137,"w":-0.7545886635780335},"size":6.20753288269043,"orthographic":false}