{"cameraMode":{"drawMode":0,"name":"Shaded","section":"Shading Mode"},"sceneLighting":false,"audioPlay":false,"sceneViewState":{"showFog":true,"showMaterialUpdate":false,"showSkybox":false,"showFlares":true,"showImageEffects":true,"showParticleSystems":true},"in2DMode":false,"pivot":{"x":-9.084050178527832,"y":7.253148078918457,"z":2.0730972290039064},"rotation":{"x":0.10088871419429779,"y":-0.5209254026412964,"z":0.062228012830019,"w":0.8454038500785828},"size":69.07083892822266,"orthographic":false}