{"cameraMode":{"drawMode":0,"name":"Shaded","section":"Shading Mode"},"sceneLighting":true,"audioPlay":false,"sceneViewState":{"showFog":true,"showMaterialUpdate":false,"showSkybox":false,"showFlares":true,"showImageEffects":true,"showParticleSystems":true},"in2DMode":false,"pivot":{"x":-13.917617797851563,"y":4.719712734222412,"z":-9.80148696899414},"rotation":{"x":0.025809714570641519,"y":-0.914842963218689,"z":0.059404075145721439,"w":0.3987685441970825},"size":43.18669891357422,"orthographic":false}