{"cameraMode":{"drawMode":0,"name":"Shaded","section":"Shading Mode"},"sceneLighting":false,"audioPlay":false,"sceneViewState":{"showFog":true,"showMaterialUpdate":false,"showSkybox":false,"showFlares":true,"showImageEffects":true,"showParticleSystems":true},"in2DMode":false,"pivot":{"x":-4.076245307922363,"y":7.903148651123047,"z":-0.4711894989013672},"rotation":{"x":0.1731266975402832,"y":0.4792896807193756,"z":-0.09708715230226517,"w":0.8549721837043762},"size":68.15042114257813,"orthographic":false}