{"cameraMode":{"drawMode":0,"name":"Shaded","section":"Shading Mode"},"sceneLighting":false,"audioPlay":false,"sceneViewState":{"showFog":true,"showMaterialUpdate":false,"showSkybox":true,"showFlares":true,"showImageEffects":true,"showParticleSystems":true},"in2DMode":false,"pivot":{"x":-3.670860767364502,"y":1.177239179611206,"z":-0.42320770025253298},"rotation":{"x":-0.03724592551589012,"y":-0.4108026325702667,"z":0.016657311469316484,"w":-0.9109167456626892},"size":-2.4966182708740236,"orthographic":false}